{
  "total_wagered": 20061.90481738346,
  "total_payouts": 17844.564962702203,
  "net_profit": 2217.339854681257,
  "hold_percentage": 0.11052489157260639,
  "profit_over_time": [
    [
      0.0,
      0.0
    ],
    [
      1.0,
      1108.6699273406284
    ],
    [
      2.0,
      2217.339854681257
    ]
  ],
  "heatmap_data": {
    "handicap_bins": [
      "0-4",
      "5-9",
      "10-14",
      "15-19",
      "20-24",
      "25-30"
    ],
    "distance_bins": [
      75,
      100,
      125,
      150,
      175,
      200,
      225,
      250
    ],
    "hold_percentages": [
      [
        0.0,
        0.0,
        0.0,
        0.0,
        0.0,
        0.0,
        0.0,
        0.0
      ],
      [
        0.0,
        0.0,
        0.0,
        0.0,
        0.0,
        0.0,
        0.0,
        0.0
      ],
      [
        0.899728990234099,
        0.14402413490643712,
        0.07793270731685108,
        -0.4427221110167163,
        0.17039517650747177,
        -0.03778612762894551,
        0.09412116985992253,
        0.06783162512762558
      ],
      [
        -0.135902423732614,
        0.20458998753116606,
        -0.14356604738249565,
        -0.1408942871001842,
        0.21141474534631613,
        0.16267785512508093,
        0.37793962190418323,
        -0.026892926812590603
      ],
      [
        0.2543218660077956,
        0.09382494355475222,
        -0.09329800786791359,
        0.19065220172718694,
        -0.10484719602527029,
        0.7010654253737006,
        0.6545777100304626,
        0.7304035849607945
      ],
      [
        0.0,
        0.0,
        0.0,
        0.0,
        0.0,
        0.0,
        0.0,
        0.0
      ]
    ]
  },
  "payout_distribution": [
    1562,
    173,
    97,
    49,
    38,
    20,
    22,
    14,
    3,
    6,
    16
  ],
  "total_shots": 2000
}